{
    "@context": [
        "http://www.w3.org/ns/csvw",
        {
            "@language": "en"
        }
    ],
    "dc:bibliographicCitation ": "Verkerk, Annemarie & Rzymski, Christoph (eds.) 2018.\nNumeralbank.\nJena: Max Planck Institute for the Science of Human History.\n(Available online at http://numerals.clld.org, Accessed on 2018-05-28.)\n",
    "dc:conformsTo": "http://cldf.clld.org/v1.0/terms.rdf#StructureDataset",
    "dc:creator": "Verkerk, Annemarie & Rzymski, Christoph",
    "dc:identifier": "http://numerals.clld.org/",
    "dc:issued": "2018-04-26",
    "dc:license": "http://creativecommons.org/licenses/by/4.0/",
    "dc:publisher": "Max Planck Institute for the Science of Human History, Jena",
    "dc:title": "Numeralbank",
    "dcat:accessURL": "http://numerals.clld.org/download",
    "dialect": {
        "commentPrefix": null
    },
    "tables": [
        {
            "dc:conformsTo": "http://cldf.clld.org/v1.0/terms.rdf#ValueTable",
            "dc:extent": 179477,
            "aboutUrl": "http://numerals.clld.org/values/{ID}",
            "tableSchema": {
                "columns": [
                    {
                        "datatype": {
                            "base": "string",
                            "format": "[a-zA-Z0-9_\\-]+"
                        },
                        "propertyUrl": "http://cldf.clld.org/v1.0/terms.rdf#id",
                        "required": true,
                        "name": "ID"
                    },
                    {
                        "datatype": "string",
                        "propertyUrl": "http://cldf.clld.org/v1.0/terms.rdf#languageReference",
                        "required": true,
                        "name": "Language_ID"
                    },
                    {
                        "datatype": "string",
                        "propertyUrl": "http://cldf.clld.org/v1.0/terms.rdf#parameterReference",
                        "required": true,
                        "name": "Parameter_ID"
                    },
                    {
                        "datatype": "string",
                        "null": [
                            "?",
                            ""
                        ],
                        "propertyUrl": "http://cldf.clld.org/v1.0/terms.rdf#value",
                        "required": false,
                        "name": "Value"
                    },
                    {
                        "datatype": "string",
                        "propertyUrl": "http://cldf.clld.org/v1.0/terms.rdf#codeReference",
                        "required": false,
                        "name": "Code_ID"
                    },
                    {
                        "datatype": "string",
                        "propertyUrl": "http://cldf.clld.org/v1.0/terms.rdf#comment",
                        "required": false,
                        "name": "Comment"
                    },
                    {
                        "datatype": "string",
                        "propertyUrl": "http://cldf.clld.org/v1.0/terms.rdf#source",
                        "required": false,
                        "separator": ";",
                        "name": "Source"
                    },
                    {
                        "datatype": "string",
                        "valueUrl": "http://numerals.clld.org/contributions/{contribution}",
                        "name": "Contribution_ID"
                    }
                ],
                "foreignKeys": [
                    {
                        "columnReference": [
                            "Code_ID"
                        ],
                        "reference": {
                            "resource": "codes.csv",
                            "columnReference": [
                                "ID"
                            ]
                        }
                    },
                    {
                        "columnReference": [
                            "Parameter_ID"
                        ],
                        "reference": {
                            "resource": "parameters.csv",
                            "columnReference": [
                                "ID"
                            ]
                        }
                    },
                    {
                        "columnReference": [
                            "Language_ID"
                        ],
                        "reference": {
                            "resource": "languages.csv",
                            "columnReference": [
                                "ID"
                            ]
                        }
                    },
                    {
                        "columnReference": [
                            "Contribution_ID"
                        ],
                        "reference": {
                            "resource": "contributions.csv",
                            "columnReference": [
                                "ID"
                            ]
                        }
                    }
                ],
                "primaryKey": [
                    "ID"
                ]
            },
            "url": "values.csv"
        },
        {
            "dc:conformsTo": "http://cldf.clld.org/v1.0/terms.rdf#CodeTable",
            "dc:extent": 16,
            "tableSchema": {
                "columns": [
                    {
                        "datatype": {
                            "base": "string",
                            "format": "[a-zA-Z0-9_\\-]+"
                        },
                        "propertyUrl": "http://cldf.clld.org/v1.0/terms.rdf#id",
                        "required": true,
                        "name": "ID"
                    },
                    {
                        "datatype": "string",
                        "propertyUrl": "http://cldf.clld.org/v1.0/terms.rdf#parameterReference",
                        "required": true,
                        "name": "Parameter_ID"
                    },
                    {
                        "datatype": "string",
                        "propertyUrl": "http://cldf.clld.org/v1.0/terms.rdf#name",
                        "required": false,
                        "name": "Name"
                    },
                    {
                        "datatype": "string",
                        "propertyUrl": "http://cldf.clld.org/v1.0/terms.rdf#description",
                        "required": false,
                        "name": "Description"
                    },
                    {
                        "datatype": "integer",
                        "name": "Number"
                    }
                ],
                "foreignKeys": [
                    {
                        "columnReference": [
                            "Parameter_ID"
                        ],
                        "reference": {
                            "resource": "parameters.csv",
                            "columnReference": [
                                "ID"
                            ]
                        }
                    }
                ],
                "primaryKey": [
                    "ID"
                ]
            },
            "url": "codes.csv"
        },
        {
            "dc:conformsTo": "http://cldf.clld.org/v1.0/terms.rdf#ParameterTable",
            "dc:extent": 124,
            "aboutUrl": "http://numerals.clld.org/parameters/{ID}",
            "tableSchema": {
                "columns": [
                    {
                        "datatype": {
                            "base": "string",
                            "format": "[a-zA-Z0-9_\\-]+"
                        },
                        "propertyUrl": "http://cldf.clld.org/v1.0/terms.rdf#id",
                        "required": true,
                        "name": "ID"
                    },
                    {
                        "datatype": "string",
                        "propertyUrl": "http://cldf.clld.org/v1.0/terms.rdf#name",
                        "required": false,
                        "name": "Name"
                    },
                    {
                        "datatype": "string",
                        "propertyUrl": "http://cldf.clld.org/v1.0/terms.rdf#description",
                        "required": false,
                        "name": "Description"
                    }
                ],
                "primaryKey": [
                    "ID"
                ]
            },
            "url": "parameters.csv"
        },
        {
            "dc:conformsTo": "http://cldf.clld.org/v1.0/terms.rdf#LanguageTable",
            "dc:extent": 4870,
            "aboutUrl": "http://numerals.clld.org/languages/{ID}",
            "tableSchema": {
                "columns": [
                    {
                        "datatype": {
                            "base": "string",
                            "format": "[a-zA-Z0-9_\\-]+"
                        },
                        "propertyUrl": "http://cldf.clld.org/v1.0/terms.rdf#id",
                        "required": true,
                        "name": "ID"
                    },
                    {
                        "datatype": "string",
                        "propertyUrl": "http://cldf.clld.org/v1.0/terms.rdf#name",
                        "required": false,
                        "name": "Name"
                    },
                    {
                        "datatype": "string",
                        "propertyUrl": "http://cldf.clld.org/v1.0/terms.rdf#macroarea",
                        "required": false,
                        "name": "Macroarea"
                    },
                    {
                        "datatype": {
                            "base": "decimal",
                            "minimum": -90,
                            "maximum": 90
                        },
                        "propertyUrl": "http://cldf.clld.org/v1.0/terms.rdf#latitude",
                        "required": false,
                        "name": "Latitude"
                    },
                    {
                        "datatype": {
                            "base": "decimal",
                            "minimum": -180,
                            "maximum": 180
                        },
                        "propertyUrl": "http://cldf.clld.org/v1.0/terms.rdf#longitude",
                        "required": false,
                        "name": "Longitude"
                    },
                    {
                        "datatype": {
                            "base": "string",
                            "format": "[a-z0-9]{4}[1-9][0-9]{3}"
                        },
                        "propertyUrl": "http://cldf.clld.org/v1.0/terms.rdf#glottocode",
                        "required": false,
                        "valueUrl": "http://glottolog.org/resource/languoid/id/{glottocode}",
                        "name": "Glottocode"
                    },
                    {
                        "datatype": {
                            "base": "string",
                            "format": "[a-z]{3}"
                        },
                        "propertyUrl": "http://cldf.clld.org/v1.0/terms.rdf#iso639P3code",
                        "required": false,
                        "name": "ISO639P3code"
                    }
                ],
                "primaryKey": [
                    "ID"
                ]
            },
            "url": "languages.csv"
        },
        {
            "dc:extent": 1,
            "tableSchema": {
                "columns": [
                    {
                        "datatype": "string",
                        "name": "ID"
                    },
                    {
                        "datatype": "string",
                        "name": "Name"
                    },
                    {
                        "datatype": "string",
                        "name": "Description"
                    },
                    {
                        "datatype": "string",
                        "name": "Contributors"
                    }
                ]
            },
            "url": "contributions.csv"
        }
    ]
}